word,tag
канализация,approved
дробилка,rejected
сельскохозяйственной,rejected
haval,rejected
байпас,rejected
ёмкостный,approved
банк,rejected
употребление,approved
количество,approved
душ,rejected
бульдозер,rejected
настенный,approved
влагомаслоотделитель,rejected
золотодобывающий,rejected
карабин,rejected
двустворчатый,rejected
грузовой,rejected
экструзия,rejected
митракс,rejected
когенерация,rejected
когенерационный,rejected
автомобилей,rejected
гидромолот,rejected
жмых,rejected
бетононасос,rejected
бетоносмеситель,rejected
бетоносмесительный,rejected
дробилка,rejected
howo, rejected
дымоход,rejected
комбайн,rejected
буровой,rejected
патрон,rejected
гидромотор,rejected
imi,approved
булгур,rejected
пищевой,approved
судовый,rejected
судовой,rejected
судовых,rejected
ultrapress,rejected
пивной,rejected
смесь,rejected
миксер,rejected
подрулевый,rejected
пневморазъем,rejected
лебедка,rejected
удобрение,rejected
грохот,rejected
турбокомпрессор,rejected
skoda,rejected
полотенцесушитель,rejected
пневмораспределитель,rejected
мотовездеход,rejected
поливинилдиенфторид,rejected
нива,rejected
постфильтр,rejected
naribo,rejected
barbus,rejected
харвестер,rejected
харвестерный,rejected
atman,rejected
маховик,rejected
coffee,rejected
помпа,rejected
полуфланец,rejected
пиролиз,rejected
vehicle,rejected
краник,rejected
пила,rejected
асфальтосмесительный,rejected
выводной,rejected
renault,rejected
артикул,approved
asphalt,rejected
панель,rejected
след,approved
садовый,rejected
углеродистый,approved
сплав,approved
осушитель,rejected
водоразб,rejected
flange,approved
ступица,rejected
port,approved
элемент,approved
автопринадлежность,rejected
резиновый,approved
односторонний,approved
nptf,rejected
настройка,approved
фиттинг,approved
gates,rejected
гидравлический,approved
расход,approved
часть,approved
machinery,approved
festo,rejected
возд,rejected
выключатель,approved
achille,rejected
san,approved
переходник,approved
компрессор,rejected
conditioner,rejected
разобрать,approved
max,approved
tungsten,approved
bpw,approved
обменный,approved
flanges,approved
minta,rejected
vitalio,rejected
трубка,approved
излить,rejected
seat,approved
ручка,approved
группа,approved
межфланцевый,approved
колено,approved
колич,approved
нужный,approved
синий,approved
фонтанный,rejected
odf,rejected
дерево,approved
донный,rejected
использоваться,approved
гайка,approved
сменный,approved
держатель,approved
стойка,rejected
ivanci,approved
прокладка,approved
транспортный,approved
swag,rejected
проп,approved
флажок,approved
латунный,approved
парогенератор,rejected
sonet,rejected
водослив,rejected
пенокопье,rejected
зуб,rejected
насадка,approved
направлять,approved
пластик,rejected
hlv,approved
coated,approved
нужда,approved
сведени,approved
general,approved
направление,approved
мат,approved
vivenis,rejected
automotive,rejected
инструмент,approved
автоматический,approved
gray,approved
манифольд,approved
смесителя,rejected
смеситель,rejected
шиберно,rejected
kobuk,rejected
секционный,approved
эндоскопия,rejected
автотранспортный,rejected
avp,rejected
sms,approved
капельный,rejected
kia,rejected
flanged,approved
полиамид,rejected
втулка,rejected
пункт,approved
автобус,rejected
pure,rejected
startec,rejected
bauloop,rejected
ремкомплект,approved
вертикальный,approved
барашек,rejected
турбина,rejected
vexve,approved
текстолит,rejected
пепельница,rejected
конструкция,approved
нива,rejected
tianjin,approved
белаз,rejected
trade,approved
очистка,approved
воздуховод,rejected
промопора,rejected
автопринадлежность
закрытый,approved
карданный,rejected
лампа,rejected
топливо,rejected
armed,approved
вентилятор,rejected
зажигание,rejected
гидроаккумулятор,rejected
пластиковый,rejected
смазка,rejected
passat,rejected
golf,rejected
подрулевый,rejected
подшипник,rejected
бензорез,rejected
far,approved
asv,rejected
воздухоотводчик,approved
термы,approved
мощность,approved
клап,approved
graphite,approved
шасси,rejected
клампа,rejected
перекрытие,approved
zhejiang,approved
двс,rejected
регулировать,approved
горнодобывающий,rejected
горношахтный,rejected
тепло,approved
cosmopolitan,rejected
подъём,rejected
ltcs,approved
основа,approved
гарнитур,rejected
daf,rejected
помещение,approved
основной,approved
val,approved
регулировка,approved
shower,rejected
runxin,rejected
медный,approved
фанерный,approved
drive,approved
относиться,approved
поток,approved
водопроводный,approved
винт,approved
start,approved
обжимный,rejected
блокировка,rejected
диапазон,approved
light,rejected
действие,approved
поставка,approved
комплектация,approved
редуктор,approved
алюм,approved
два,approved
деталь,approved
стопорный,approved
bauflow,rejected
лист,rejected
квадратный,rejected
сечение,approved
моторный,rejected
смывной,rejected
отвод,approved
сборка,approved
горизонтальный,approved
открывание,approved
пуско,approved
раздаточный,rejected
балансировочный,approved
ограничение,approved
ник,approved
пневмофитинг,rejected
пневморазьем,rejected
ускорительный,rejected
стержень,approved
цельносварный,approved
заглушка,approved
лючок,rejected
коробка,approved
крестовина,rejected
подрулевый,rejected
обратноосмотический,rejected
boiler,approved
боковой,approved
шестипозиционный,rejected
карбюратор,rejected
бочонок,rejected
спускной,approved
вагон,rejected
viton,approved
toro,rejected
пивный,rejected
pex,rejected
sat,approved
devicebody,approved
внутриколонный,rejected
успокоитель,rejected
пневмозубило,rejected
vfm,rejected
томат,rejected
ванна,rejected
собственный,approved
атм,approved
данные,approved
шина,rejected
напряжение,approved
pp-r,rejected
медна,approved
водоумягчитель,rejected
автотракторный,rejected
максимальный,approved
сельхозтехника,rejected
squirrel,rejected
dat,approved
нерж,approved
самосвал,rejected
неизвестный,approved
заслонка,rejected
специальный,approved
кароба,approved
средний,rejected
union,approved
valf,approved
needle,rejected
конденсат,rejected
тмакс,approved
ранее,approved
турция,approved
прямоугольный,approved
akv,approved
брс,approved
opel,rejected
авторанспортной,rejected
accessories,approved
комба,approved
крановый,approved
dts,approved
double,approved
разъём,approved
гарантийный,approved
подсоединение,approved
пруток,rejected
управление,approved
eurostyle,rejected
компрессорный,rejected
класс,approved
ток,approved
professional,approved
полировать,approved
комплекс,approved
карта,approved
частый,approved
caps,approved
tga,approved
разъёмный,approved
brown,approved
hose,approved
female,approved
кассета,rejected
подвеска,rejected
globe,rejected
коллектор,rejected
плита,rejected
itap,approved
металл,approved
radiator,approved
принцип,approved
тормозной,rejected
diesel,rejected
модуль,rejected
глушитель,rejected
кондиционирование,rejected
теплоснабжение,approved
рыч,approved
полипропиленовый,rejected
полипропилен,rejected
включение,approved
предназначить,approved
скорость,approved
mounted,approved
подача,approved
outotec,rejected
длина,approved
supply,approved
daimler,rejected
база,approved
bauedge,rejected
мбар,approved
toyota,rejected
marking,approved
одноручный,rejected
переход,approved
item,approved
dayco,rejected
brass,approved
канал,approved
omal,approved
lexline,approved
термодатчик,approved
marelli,rejected
вакуумный,rejected
лита,approved
bau,approved
фланец,approved
наработка,approved
синь,approved
unox,approved
std,approved
установка,approved
транспорт,approved
service,approved
предохранительный,approved
шланговый,rejected
italy,approved
хозяйственно,approved
локомотив,rejected
красный,approved
внут,approved
кранст,approved
корпус,approved
изделие,approved
монолитный,approved
ножевой,rejected
jacob,rejected
xcmg,rejected
фитинг,approved
white,approved
mini,approved
abra,approved
кондиционер,rejected
тот,approved
pool,rejected
поливной,rejected
впускной,rejected
sanitary,approved
imp,approved
сливной,rejected
сельскохозяйственный,rejected
muslook,approved
switch,approved
water,approved
рычажный,approved
наружный,approved
легковой,rejected
shutter,approved
electric,approved
нефтегазовый,approved
cap,approved
комбинированный,approved
автозапчасть,rejected
grt,rejected
вентиль,rejected
испытание,approved
appliances,approved
жидкий,approved
баллон,rejected
sportage,rejected
пресс,rejected
открытие,approved
tomasetto,rejected
breather,rejected
шахтный,rejected
головка,rejected
кронштейн,approved
конический,rejected
новый,approved
cmg,approved
бывший,approved
cмеситель,rejected
fitting,approved
сведение,approved
вход,approved
технический,approved
импорт,approved
баттерфляй,approved
биметаллический,rejected
mahle,rejected
фонтан,rejected
oil,approved
тройник,approved
перевернуть,rejected
bleed,approved
стальной,approved
tap,rejected
электромагнитный,rejected
участок,approved
single,approved
взу,approved
литва,approved
двухсторонний,approved
резина,approved
проходной,approved
марк,approved
практика,approved
экскаватор,rejected
ведущий,rejected
золотник,rejected
nps,approved
сорт,approved
вентильный,rejected
основный,approved
промышленный,approved
разборный,approved
avk,rejected
limited,approved
фланцевый,approved
промышленность,approved
катушка,rejected
кроме,approved
фиксатор,approved
pvc,rejected
villeroy,rejected
temp,approved
pieces,approved
евроконус,rejected
запирать,approved
рукоятка,approved
масляный,rejected
wabco,approved
паллет,approved
балан,approved
шибер,rejected
контроллер,approved
jflow,approved
icma,approved
железнодорожный,rejected
кухня,rejected
цилиндр,rejected
нипель,approved
asua,rejected
pprc,rejected
dbb,rejected
api,approved
fmm,approved
talis,rejected
печь,rejected
вентиляция,rejected
нагнетательный,rejected
партийный,approved
axor,rejected
момент,approved
psi,approved
переходный,approved
футорка,approved
fxm,approved
конус,rejected
горелка,rejected
открывать,approved
пластина,rejected
rvi,approved
страна,approved
универсальный,approved
bsp,approved
открываться,approved
распределение,approved
bathroom,rejected
aquasfera,approved
комп,approved
baucurve,rejected
бел,approved
короткий,approved
равнопроходная,approved
монтаж,approved
пневмосистема,rejected
вставка,approved
nobili,rejected
ассортимент,approved
порт,approved
перех,approved
спос,approved
bath,rejected
квт,approved
lok,approved
обвязка,approved
trunnion,approved
согласно,approved
pressure,approved
watts,approved
thermo,rejected
закат,rejected
benarmo,approved
вилочный,rejected
цистерна,approved
npt,approved
аварийный,approved
industrial,approved
iso,approved
scania,rejected
rsgv,rejected
body,approved
rubineta,rejected
охлаждение,approved
nss,approved
открытый,approved
vag,rejected
комната,approved
uab,approved
управляться,approved
пережимный,approved
уголок,approved
медь,approved
муфтовый,approved
закупка,approved
обрезиненный,rejected
крепёж,approved
фунт,approved
конт,approved
внутренний,approved
фаза,rejected
грузовой,approved
магистраль,approved
прибор,approved
corporation,approved
мина,approved
охлаждать,rejected
соед,approved
sauter,rejected
пэвд,rejected
градус,approved
pe-x,rejected
select,approved
жироотделитель,rejected
жироуловитель,rejected
metso,rejected
барьер,rejected
кувшин,rejected
водорозетка,rejected
сила,approved
двухтрубный,approved
рамка,rejected
exhaust,approved
вилка,rejected
for,approved
бензокран,rejected
колба,rejected
гильза,rejected
бронза,approved
губка,rejected
деаэратор,rejected
депрессор,rejected
деионизатор,rejected
колодец,rejected
аквафор,rejected
showerpipe,rejected
продеион,rejected
водоумягчитель,rejected
воздухораспределитель,rejected
cojali,rejected
хомут,approved
кабельный,rejected
камера,rejected
honeywell,approved
trademark,approved
быстросъёмный,rejected
32ч24р,rejected
xinjiang,approved
exp,approved
измерительный,approved
resistant,approved
дозировать,rejected
стяжной,rejected
спецтехник,rejected
спецтехника,rejected
артикуль,approved
сборный,approved
коррозионностойкий,approved
gate,rejected
hole,approved
вал,rejected
работа,approved
vrt,approved
маршал,approved
исполнение,approved
sandvik,rejected
штуцер,approved
unit,approved
pak,rejected
помощь,approved
stl,approved
floor,approved
суперсталь,rejected
delafon,rejected
built,approved
fxf,approved
полуприцеп,rejected
кол,approved
apt,approved
раздача,rejected
нержавейка,approved
соединительный,approved
locking,approved
card,approved
отсекать,approved
применять,approved
hoses,rejected
deere,rejected
kgv,approved
сварка,approved
graco,approved
зап,approved
vernets,rejected
термостатsat,rejected
сельхоз,rejected
heating,approved
bracket,approved
ванный,rejected
mpa,approved
set,approved
international,approved
номер,approved
сантехнический,approved
отдельностоящий,approved
pipe,approved
приварка,approved
умывальник,approved
замок,rejected
цикл,approved
valfex,approved
porsche,rejected
общий,approved
trucktec,rejected
and,approved
выставочный,rejected
омыватель,rejected
поршневой,rejected
pries,rejected
axera,rejected
клиновый,rejected
atiker,rejected
tag,approved
gessi,rejected
modena,rejected
рычаг,approved
гидроцилиндр,rejected
устанавливаться,approved
cruiser,rejected
диам,approved
clack,rejected
кабина,rejected
shape,approved
переменный,approved
золото,approved
вытяжной,approved
топл,rejected
пластмасса,rejected
дин,approved
material,approved
shut,approved
car,rejected
handle,approved
происхождение,approved
напиток,rejected
обработка,approved
пензапромарматура,approved
shacman,rejected
международный,approved
выпускной,rejected
импульсный,approved
manifold,approved
демпферный,rejected
готовый,approved
heater,approved
переработка,approved
маслянный,rejected
скважина,rejected
баланс,approved
europe,approved
сварной,approved
actuator,approved
assy,approved
bpезной,rejected
дроссель,rejected
мпа,approved
содержать,approved
выше,approved
пластмассовый,rejected
конусный,rejected
удлинитель,approved
флотация,rejected
ход,approved
электровоз,rejected
цанговый,approved
ticaret,approved
seated,approved
бескамерный,rejected
штука,approved
вращаться,approved
двигатель,rejected
который,approved
out,approved
поставлять,approved
авт,approved
движение,approved
специализировать,approved
ansi,approved
wall,rejected
позиционер,rejected
рабочий,approved
рука,approved
shutters,approved
подземный,approved
один,approved
пропускной,approved
inch,approved
служить,approved
маз,rejected
компенсатор,approved
биде,rejected
мойка,rejected
чугун,rejected
машина,approved
приварной,approved
товарный,approved
tire,rejected
costa,rejected
пневмоклапан,rejected
sichuan,approved
колонна,rejected
составной,approved
котёл,approved
euro,approved
seatedflanged,approved
mercedes,rejected
plastic,rejected
howo,rejected
шпиндель,approved
зона,approved
шаров,approved
epiroc,rejected
pipes,approved
авов,approved
nst,approved
plastik,rejected
формат,approved
товар,approved
eurocube,rejected
lug,rejected
быстросъём,rejected
chrome,approved
пэ,rejected
технологический,approved
published,approved
ручной,approved
пиво,rejected
сероводород,approved
отверстие,approved
faf,approved
сапун,rejected
bmw,rejected
equipment,approved
евро,approved
дренажный,approved
труба,approved
сжатый,approved
сигнал,approved
ets,approved
maxgear,rejected
высокий,approved
agilent,rejected
компл,approved
система,approved
предприятие,approved
носик,rejected
radiators,rejected
kas,approved
регулирование,approved
скважинный,rejected
конденсатоотводчик,rejected
orbinox,rejected
температурный,approved
srl,approved
camozzi,rejected
паровой,approved
export,approved
вентиляционныйsat,rejected
область,approved
надземный,approved
nordson,rejected
тропический,rejected
controls,approved
multipack,approved
motor,rejected
шлиц,rejected
картон,approved
бочонок,approved
ман,approved
multi,approved
inconel,approved
привар,approved
control,approved
клaпaн,approved
шток,approved
эконом,approved
станда,approved
ванная,rejected
bar,approved
ari,approved
сифонный,rejected
бачок,approved
макс,approved
изготовить,approved
инд,approved
hand,approved
трос,rejected
kale,rejected
ввезти,approved
rainshower,rejected
shandong,approved
фторопластовый,approved
упак,approved
раковина,rejected
латунь,approved
это,approved
bidet,rejected
filter,approved
германия,approved
valv,approved
tis,approved
автомат,approved
caterpillar,rejected
поверхность,approved
хладагент,approved
наружн,approved
пневмогидропривод,approved
msv,rejected
дистанционный,approved
требовать,approved
векомат,rejected
измерение,approved
compact,approved
bosch,rejected
контурный,approved
floating,approved
industrias,approved
реф,rejected
товаро,approved
расширительный,rejected
водяной,approved
номинальный,approved
энергоаккумулятор,rejected
tmax,approved
гидрант,rejected
plast,rejected
audi,rejected
седло,approved
wanhai,rejected
продукция,approved
седельный,approved
дер,approved
jip,approved
американка,approved
резьб,approved
рукоить,approved
gmax,approved
spare,approved
цинковый,rejected
горячее,approved
терморегулятор,approved
внутро,approved
xindudu,approved
функция,approved
сцепление,rejected
шар,approved
accordance,approved
meyle,rejected
луна,rejected
ввод,approved
жидкость,approved
kaldo,approved
глянец,rejected
смесительный,rejected
эко,approved
нержавеющий,approved
series,approved
проект,approved
себя,approved
большой,approved
политэк,rejected
знак,approved
нижний,approved
nbr,approved
фигурный,rejected
душевой,rejected
установочный,rejected
class,approved
холодоснабжение,approved
контейнер,approved
анализатор,rejected
раб,approved
задвижка,rejected
пистолет,rejected
салон,rejected
lineare,rejected
колёсный,rejected
data,approved
деревянный,approved
ways,approved
sht,approved
vernet,rejected
leo,rejected
вода,approved
specification,approved
концев,approved
уаз,rejected
станок,rejected
галлоп,approved
ohm,rejected
цельсий,approved
copper,approved
груз,approved
low,approved
box,approved
горный,rejected
aisi,approved
parts,approved
полив,rejected
бассейн,rejected
верхний,approved
makro,approved
автомобильный,rejected
орошение,rejected
аналогичный,approved
соленоидный,rejected
siemens,rejected
danfoss,approved
производственный,approved
гигиена,rejected
круглый,approved
plus,approved
розетка,rejected
полнопроходная,approved
плавать,rejected
iron,approved
главный,approved
передача,rejected
инвестиционный,approved
ppr,rejected
давть,approved
способность,approved
knife,rejected
omn,approved
горячий,approved
распредвал,rejected
gas,approved
tempesta,rejected
onyarbi,rejected
трехходовой,rejected
tic,approved
proof,approved
inox,approved
угл,approved
указанный,approved
temperature,approved
маслораздаточный,rejected
внешний,approved
пропорциональный,approved
крепёжный,approved
valves,approved
производительность,approved
линейный,approved
cbd,rejected
smart,approved
benz,rejected
волга,rejected
авто,approved
рег,approved
поворотный,approved
свd,approved
ctc,rejected
отопитель,rejected
head,approved
сфера,approved
керамич,rejected
manual,approved
отказ,approved
system,approved
транспортировка,approved
отопительный,approved
vana,approved
ответный,approved
systems,approved
станция,approved
переключать,approved
уплотнитель,approved
kamaz,rejected
motorad,rejected
cummins,rejected
комплектующие,approved
кат,approved
fkm,rejected
палета,approved
карьерный,rejected
eurodisc,rejected
упаковка,approved
carbide,approved
cat,approved
regulator,approved
universal,approved
автотранспорт,rejected
центральный,approved
отопление,approved
включать,approved
контур,approved
sink,rejected
borgwarner,rejected
среда,approved
избыточный,approved
central,approved
скд,rejected
полусгон,approved
соединитель,approved
переходной,approved
техника,approved
their,approved
код,approved
применяться,approved
performance,approved
неразъём,rejected
выхлопной,rejected
узел,approved
пара,approved
тёплый,approved
клеевой,rejected
вентиляционный,rejected
кузов,rejected
spray,rejected
палетта,approved
шариковый,approved
рассвет,rejected
менее,approved
сместитель,rejected
bilstein,rejected
графит,approved
разъемна,approved
безопасность,approved
перепад,approved
спуск,approved
фреон,rejected
group,approved
angle,approved
loop,rejected
стандарт,approved
вхв,approved
полный,approved
cso,approved
нип,approved
usv,rejected
комплект,approved
тепловой,approved
sti,approved
pcs,approved
смазочный,rejected
сервисный,approved
картридж,rejected
чуг,rejected
форма,approved
ключ,approved
материал,approved
nissens,rejected
ресивер,rejected
vernis,approved
резьбовой,approved
погрузочный,rejected
solenoid,rejected
machine,approved
asme,approved
секция,approved
усиленный,approved
серия,approved
thermex,rejected
pneumatic,approved
дорожный,rejected
соединение,approved
шаровыя,approved
top,approved
присоединение,approved
дюйм,approved
ware,approved
парта,approved
soft,approved
штанга,rejected
алюминиевый,approved
сброс,approved
blue,approved
эксцентрик,approved
pilot,approved
optima,approved
двухпортовый,rejected
задний,rejected
постоянный,approved
astm,approved
высота,approved
левый,approved
авиация,rejected
адаптер,approved
пружина,approved
маховик,approved
хромированный,approved
standart,approved
art,approved
tetra,rejected
терморегулируемый,approved
vent,rejected
опорный,rejected
качество,approved
механизм,approved
standard,approved
нак,approved
мтз,rejected
редукционный,approved
чугунный,rejected
non,approved
жёлтый,approved
трактор,rejected
водоснабжение,approved
душевая,rejected
flow,approved
расстояние,approved
замена,approved
погрузчик,rejected
ковкий,rejected
поддержание,approved
rlv,approved
gappo,approved
configuration,approved
возможность,approved
karcher,rejected
thermostatic,approved
esbe,rejected
import,approved
материальный,approved
стоп,approved
магнитный,approved
подвижный,rejected
smartcontrol,rejected
ртп,rejected
камоцци,rejected
rtj,approved
piece,approved
запасный,approved
кпас,approved
химический,approved
условие,approved
включая,approved
портовый,rejected
kalde,approved
valve,approved
переключатель,approved
ref,approved
наруж,approved
пол,approved
год,approved
кофемашин,rejected
sanext,approved
cube,approved
конец,approved
автомашина,rejected
картонный,approved
холодо,approved
параметр,approved
дляес,approved
отраж,rejected
operatedwith,approved
шарава,approved
нефть,approved
euroeco,rejected
стена,rejected
ускорять,rejected
trigger,approved
нормально,approved
использование,approved
наружное,approved
госзакупка,approved
пневмопривод,approved
около,approved
steam,approved
противопожарный,rejected
blend,approved
dzr,approved
complete,approved
регулятор,approved
воздушный,approved
завод,approved
изготовление,approved
pid,approved
актуатор,approved
обратка,rejected
without,approved
добыча,rejected
ferdinand,rejected
атк,approved
гарнитура,rejected
диаметр,approved
отработать,approved
ball,approved
автоматизация,approved
mixer,rejected
превентор,rejected
наконечник,approved
пожаротушение,approved
натяжной,approved
поза,approved
сегментный,rejected
бак,approved
китай,approved
отражатель,rejected
нетто,approved
контроль,approved
huracan,rejected
неагрессивный,approved
угол,approved
исп,approved
кпп,rejected
нажимный,rejected
пневмоподвеска,rejected
fbh,approved
всасывать,rejected
муфта,approved
газ,approved
продувочный,rejected
опрыскиватель,rejected
распылитель,rejected
calorstat,rejected
driltech,rejected
набор,approved
мошность,approved
ltd,approved
kpa,approved
side,approved
отоп,approved
лата,approved
термостатический,approved
температура,approved
rubinetterie,rejected
тройной,approved
пневморозетка,rejected
колесо,rejected
trim,approved
bore,approved
расходомер,approved
аппарат,approved
например,approved
государственный,approved
сидение,rejected
марка,approved
genebre,approved
pro,approved
установленный,approved
клапанный,rejected
линия,approved
абсорбер,rejected
trading,approved
хозяйственный,approved
комбинир,approved
ford,rejected
распределительный,approved
оборудование,approved
connection,approved
смешивание,approved
блок,approved
metal,approved
отсечный,approved
другой,approved
италия,approved
блокировать,approved
бренд,approved
lever,approved
никелир,approved
прогрев,rejected
gmbh,approved
operated,approved
din,approved
буровой,rejected
kit,approved
тёмный,approved
giacomini,approved
трехколёсный,rejected
защитный,approved
тормоз,rejected
насосный,approved
auma,approved
произа,approved
выдвижной,approved
теплоноситель,approved
hydronic,rejected
volvo,rejected
гидрораспределитель,rejected
полна,approved
трубопроводный,approved
gunther,rejected
мембранный,rejected
арт,approved
производство,approved
установить,approved
пнд,rejected
клин,rejected
форсунка,rejected
низкий,approved
газораспределительный,rejected
smartactive,rejected
регулировочный,approved
транспортировать,approved
tcc,approved
скрытый,approved
электронный,approved
stainless,approved
назначение,approved
ящик,approved
обеспечивать,approved
быстрый,rejected
forged,rejected
ротационный,rejected
mfg,approved
также,approved
man,rejected
терморегулирующий,approved
new,approved
непрерывный,approved
трв,approved
бытовой,approved
расточить,approved
аксиальный,rejected
слив,rejected
полимерный,rejected
sprint,approved
манометр,approved
сеть,rejected
ёмкость,approved
топливный,rejected
inlet,rejected
bbf,approved
wafer,rejected
различный,approved
запорный,approved
угольник,approved
ремонтный,approved
короб,approved
туалет,rejected
воротниковый,approved
гост,approved
спл,approved
шайба,approved
эрв,rejected
управлять,approved
armatur,approved
расположение,approved
кара,approved
алюминий,approved
rtp,rejected
прочий,approved
угловой,approved
poelsan,rejected
размер,approved
выпуск,approved
термоклапан,rejected
rapido,rejected
entrytwo,approved
штурвал,approved
идентиф,approved
way,approved
диск,approved
трубный,approved
радиаторный,rejected
двухходовый,approved
пневматический,approved
boch,rejected
tin,approved
испаритель,rejected
встроить,approved
артикль,approved
ремонт,approved
гладкий,approved
предварительный,approved
инвестпрограмма,approved
инжектор,rejected
быстроразъёмный,rejected
быстроразъёмное,rejected
пневмопереходник,rejected
pierburg,rejected
окружающий,approved
steel,approved
фантомный,rejected
душа,rejected
контргайка,approved
описание,approved
pump,approved
smartbox,rejected
упл,approved
rzk,approved
нефтяной,rejected
case,approved
плоский,approved
литейный,approved
ksf,approved
шестерня,rejected
miraya,approved
судный,rejected
признак,approved
автом,approved
перепускной,rejected
metropol,rejected
производитель,approved
nace,approved
изменение,approved
промежуточный,approved
цвет,approved
стандартный,approved
коленвал,rejected
проход,approved
декоративный,approved
газель,rejected
мода,rejected
line,approved
bronze,approved
гидросистема,approved
метать,approved
пилотный,approved
глушитель,rejected
dis,approved
предназнач,approved
пневмотрубка,approved
использовать,approved
kludi,rejected
asm,approved
каробкий,approved
цель,approved
давление,approved
компонент,approved
фильтровать,approved
защита,approved
ideal,approved
уголь,approved
gemu,approved
антифриз,rejected
kitchen,rejected
прицеп,rejected
дизайн,approved
устанавливать,approved
вручную,approved
лейка,rejected
жидкостный,approved
кпа,rejected
трехпроходная,rejected
engine,rejected
клапан,rejected
сепаратор,rejected
состоять,approved
коннектор,approved
полностью,approved
квадрат,approved
образец,approved
запчасть,approved
применение,approved
природный,approved
рециркуляция,approved
представлять,approved
аналог,approved
вид,approved
febi,rejected
faucet,rejected
смыв,rejected
amv,approved
удлинённый,approved
маслоотделитель,rejected
from,approved
удлина,approved
генератор,rejected
casela,approved
assembly,approved
встраивать,approved
sorl,rejected
травть,approved
входной,approved
block,approved
сбор,approved
напольный,approved
многоцикловый,approved
komatsu,rejected
радиатор,approved
staf,rejected
условный,approved
zhenjiang,approved
коф,approved
electromagnetic,approved
масло,rejected
гибкий,approved
inf,approved
classic,rejected
пласт,rejected
наземный,approved
гражданский,approved
обжим,rejected
мультиклапан,rejected
manifolds,rejected
the,approved
household,approved
мотоцикл,rejected
контрольный,rejected
механический,approved
центр,approved
водоразборный,rejected
model,approved
automation,approved
auto,rejected
изг,approved
устьевый,rejected
холодное,approved
бар,approved
lavita,approved
aae,rejected
hyundai,rejected
струить,rejected
grandera,rejected
комплектовать,approved
взрывоопасный,approved
позволять,approved
пп,rejected
off,approved
закрытие,approved
обжимный,rejected
обжимной,rejected
термостат,rejected
поворот,approved
обжа,rejected
обж,rejected
baoding,approved
растормаживание,rejected
пружинный,approved
hansgrohe,rejected
свободностоящий,rejected
перелив,rejected
однорычажный,approved
automatic,approved
cordoba,rejected
объём,approved
питание,approved
joy,rejected
abs,approved
штуц,approved
писсуар,rejected
ограничитель,approved
pride,approved
egr,rejected
пожарный,approved
средство,approved
коллекторный,approved
газообразный,approved
шпилька,approved
состав,approved
disc,approved
electronic,approved
розлив,rejected
stap,approved
кольцо,approved
pip,approved
кнопка,approved
картерный,rejected
образный,approved
никель,approved
покрытие,approved
торговый,approved
являться,approved
отбор,approved
bugatti,approved
vfg,rejected
штуцерный,approved
счётчик,rejected
ходовой,approved
печка,rejected
ваз,rejected
сгон,approved
эксплуатация,approved
aftermarket,approved
machines,approved
заправочный,rejected
электроклапан,approved
карданный,rejected
two,approved
stad,rejected
насос,approved
вращение,approved
concetto,rejected
aqualink,approved
камаз,rejected
дизельный,rejected
yuanda,approved
дозатор,rejected
wcb,approved
сингапур,approved
полнопроходный,approved
пайка,rejected
black,approved
brand,approved
россия,approved
подавать,approved
металлопластик,rejected
керамический,rejected
двухвентильный,rejected
обслуживание,approved
сторона,approved
папа,approved
лабораторный,approved
тип,approved
тяга,rejected
продукт,approved
grohe,rejected
матовый,approved
реверсивный,approved
консистентный,rejected
затвор,approved
alloy,approved
sanayi,approved
белый,approved
литой,approved
packing,approved
аксессуар,rejected
отделка,rejected
устройство,approved
режим,approved
самолёт,rejected
nickel,approved
обойма,rejected
холодильный,rejected
bauclassic,rejected
зил,rejected
euphoria,rejected
поплавок,rejected
отсутствовать,approved
привод,approved
repa,rejected
газовый,approved
sarl,approved
крышка,approved
излив,approved
металлический,approved
процесс,approved
накидной,approved
минимальный,approved
spa,approved
подпитка,rejected
цанга,approved
engineering,approved
распределитель,approved
стиральный,rejected
logis,approved
уровень,approved
отв,approved
положение,approved
самоходный,rejected
присоединительный,approved
фонд,approved
kvs,rejected
состояние,approved
амер,approved
three,approved
мешок,approved
вых,approved
выходной,approved
разобщительный,rejected
forteca,approved
with,approved
тов,approved
игольчатый,rejected
pravt,approved
вес,approved
изготовитель,approved
никел,approved
ferrous,approved
проба,approved
поплавковый,rejected
rebris,rejected
кор,approved
faucets,rejected
гбо,rejected
ptfe,approved
frap,approved
carlo,rejected
резьба,approved
герметичность,approved
собственность,approved
part,approved
задача,approved
арматура,approved
обратный,approved
спец,approved
передний,approved
ось,approved
серый,approved
унитаз,rejected
автомобиль,rejected
вхн,approved
spout,rejected
air,rejected
шиберный,rejected
фильтр,approved
работать,approved
подключение,approved
оплётка,approved
compressor,rejected
thermostat,rejected
quickfix,rejected
сгорание,rejected
санитарный,approved
двойной,approved
агрегат,approved
растр,approved
size,approved
xinsate,rejected
mixing,rejected
поршень,rejected
daikin,rejected
заполнение,approved
принадлежность,approved
слива,rejected
монтажный,approved
цепочка,approved
соленоид,rejected
lcc,rejected
разгрузочный,rejected
vlv,approved
blow,approved
one,approved
iveco,rejected
подкачка,rejected
продувка,rejected
воздух,approved
отрасль,approved
минь,approved
оцинковать,approved
пробковый,rejected
соответствие,approved
ред,approved
spec,approved
реза,approved
isogate,rejected
пробка,approved
бурильный,rejected
мембрана,rejected
уплотнение,approved
drain,approved
модульный,approved
сифон,rejected
kayts,approved
патрубок,approved
кран,approved
концентрический,approved
full,approved
shevanik,rejected
строительство,approved
врезной,approved
герметичный,approved
хром,approved
прямой,approved
сильфонный,approved
vitra,rejected
сталь,approved
corrosion,approved
epdm,approved
poletti,rejected
atlas,rejected
eco,approved
ниппелямиматериал,approved
нары,approved
иметь,approved
баба,approved
зависимость,approved
pvdf,rejected
alco,approved
check,rejected
eurosmart,rejected
edge,rejected
parker,rejected
проходная,approved
grohtherm,rejected
барgmin,approved
колонка,approved
стакан,rejected
шаровой,approved
резервуар,approved
электрический,approved
sheet,approved
выход,approved
alloys,approved
стол,approved
гигиенический,approved
болт,approved
plugged,approved
ёлочка,rejected
number,approved
сальник,approved
делитель,rejected
бабочка,approved
инфракрасный,rejected
kpo,approved
военный,approved
john,rejected
тепловоз,rejected
кухонный,rejected
пвх,rejected
стать,approved
запирание,approved
место,approved
fuel,rejected
truck,rejected
jaga,rejected
доставочный,rejected
датчик,approved
поддерживать,approved
питьевой,approved
gbc,approved
metric,approved
винтовой,rejected
gen,approved
type,approved
аэратор,rejected
нефтехимический,rejected
ростурпласт,rejected
топливораздаточный,rejected
бизнес,approved
mark,approved
никелированный,approved
гофрокоробка,approved
поставляться,approved
ever,rejected
hxcx,approved
мама,approved
technology,approved
дренаж,approved
precision,rejected
чёрный,approved
fittings,approved
дать,approved
холодный,approved
внутри,approved
hitachi,rejected
строительный,approved
переключение,approved
hans,approved
regulatory,approved
мост,rejected
fluid,approved
duo,approved
крепление,approved
час,approved
подводка,rejected
basin,rejected
per,approved
santechsystems,approved
сат,approved
поддон,approved
остановка,approved
ниппель,approved
дроссельный,rejected
шланг,approved
модель,approved
lock,approved
coolant,rejected
ппр,rejected
butterfly,approved
дисковый,approved
уплотнительный,approved
электропривод,approved
сера,rejected
essence,approved
cast,rejected
трубопровод,approved
stem,approved
цементный,rejected
цементовоз,rejected
упаковать,approved
длинный,approved
центрифуга,rejected
ecojoy,rejected
hayward,rejected
глубинный,rejected
трехсоставный,rejected
трёхсоставный,rejected
трёхсоставной,rejected
трехсоставной,rejected
трехходовый,rejected
трёхходовый,rejected
трехходовой,rejected
трёхходовой,rejected
полиэтилен,rejected
polypropylene,rejected
шиберный,rejected
гофра,rejected
flexy,rejected
полиэтиленовый,rejected
irrigation,rejected
propylene,rejected
plastic,rejected
sdr,rejected
газосборник,rejected
газоочиститель,rejected
жироуловитель,rejected
гейзер,rejected
gg40,rejected
ggg40,rejected
плита,rejected
рукомойник,rejected
аквабрайт,rejected
пластик,rejected
подогреватель,rejected
вскипание,rejected
аэрационный,rejected
мультипресс,rejected
водосчетчик,rejected
диэлектрический,rejected
нипофланец,rejected
металлопластиковый,rejected
диэлектрик,rejected
meerplast,rejected